172.217.25.0,1412
172.217.25.1,1412
172.217.25.2,1412
172.217.25.3,1412
172.217.25.4,1412
172.217.25.5,1412
172.217.25.6,1412
172.217.25.7,1412
172.217.25.8,1412
172.217.25.9,1412
172.217.25.10,1412
172.217.25.11,1412
172.217.25.12,error
172.217.25.13,1412
172.217.25.14,1412
172.217.25.15,1412
172.217.25.16,1412
172.217.25.17,1412
172.217.25.18,1412
172.217.25.19,1412
172.217.25.20,1412
172.217.25.21,1412
172.217.25.22,1412
172.217.25.23,1412
172.217.25.24,1412
172.217.25.25,1412
172.217.25.26,error
172.217.25.27,1412
172.217.25.28,1412
172.217.25.29,error
172.217.25.30,error
172.217.25.31,1412
172.217.25.32,error
172.217.25.33,error
172.217.25.34,error
172.217.25.35,error
172.217.25.36,error
172.217.25.37,error
172.217.25.38,error
172.217.25.39,error
172.217.25.40,error
172.217.25.41,error
172.217.25.42,error
172.217.25.43,error
172.217.25.44,error
172.217.25.45,error
172.217.25.46,error
172.217.25.47,error
172.217.25.48,error
172.217.25.49,error
172.217.25.50,error
172.217.25.51,error
172.217.25.52,error
172.217.25.53,error
172.217.25.54,error
172.217.25.55,error
172.217.25.56,error
172.217.25.57,error
172.217.25.58,error
172.217.25.59,error
172.217.25.60,error
172.217.25.61,error
172.217.25.62,error
172.217.25.63,error
172.217.25.64,error
172.217.25.65,error
172.217.25.66,error
172.217.25.67,error
172.217.25.68,error
172.217.25.69,error
172.217.25.70,error
172.217.25.71,error
172.217.25.72,error
172.217.25.73,error
172.217.25.74,error
172.217.25.75,error
172.217.25.76,error
172.217.25.77,error
172.217.25.78,error
172.217.25.79,error
172.217.25.80,error
172.217.25.81,error
172.217.25.82,error
172.217.25.83,error
172.217.25.84,error
172.217.25.85,error
172.217.25.86,error
172.217.25.87,error
172.217.25.88,error
172.217.25.89,error
172.217.25.90,error
172.217.25.91,error
172.217.25.92,error
172.217.25.93,error
172.217.25.94,error
172.217.25.95,error
172.217.25.96,error
172.217.25.97,error
172.217.25.98,error
172.217.25.99,error
172.217.25.100,error
172.217.25.101,error
172.217.25.102,error
172.217.25.103,error
172.217.25.104,error
172.217.25.105,error
172.217.25.106,error
172.217.25.107,error
172.217.25.108,error
172.217.25.109,error
172.217.25.110,error
172.217.25.111,error
172.217.25.112,error
172.217.25.113,error
172.217.25.114,error
172.217.25.115,error
172.217.25.116,error
172.217.25.117,error
172.217.25.118,error
172.217.25.119,error
172.217.25.120,error
172.217.25.121,error
172.217.25.122,error
172.217.25.123,error
172.217.25.124,error
172.217.25.125,error
172.217.25.126,error
172.217.25.127,error
172.217.25.128,error
172.217.25.129,error
172.217.25.130,error
172.217.25.131,error
172.217.25.132,error
172.217.25.133,error
172.217.25.134,error
172.217.25.135,error
172.217.25.136,error
172.217.25.137,error
172.217.25.138,error
172.217.25.139,error
172.217.25.140,error
172.217.25.141,error
172.217.25.142,error
172.217.25.143,error
172.217.25.144,error
172.217.25.145,error
172.217.25.146,error
172.217.25.147,error
172.217.25.148,error
172.217.25.149,error
172.217.25.150,error
172.217.25.151,error
172.217.25.152,error
172.217.25.153,error
172.217.25.154,error
172.217.25.155,error
172.217.25.156,error
172.217.25.157,error
172.217.25.158,error
172.217.25.159,error
172.217.25.160,1412
172.217.25.161,1412
172.217.25.162,1412
172.217.25.163,1412
172.217.25.164,1412
172.217.25.165,1412
172.217.25.166,1412
172.217.25.167,1412
172.217.25.168,1412
172.217.25.169,1412
172.217.25.170,1412
172.217.25.171,1412
172.217.25.172,error
172.217.25.173,1412
172.217.25.174,1412
172.217.25.175,1412
172.217.25.176,1412
172.217.25.177,1412
172.217.25.178,1412
172.217.25.179,1412
172.217.25.180,1412
172.217.25.181,1412
172.217.25.182,1412
172.217.25.183,1412
172.217.25.184,1412
172.217.25.185,1412
172.217.25.186,error
172.217.25.187,1412
172.217.25.188,1412
172.217.25.189,error
172.217.25.190,error
172.217.25.191,1412
172.217.25.192,1412
172.217.25.193,1412
172.217.25.194,1412
172.217.25.195,1412
172.217.25.196,1412
172.217.25.197,1412
172.217.25.198,1412
172.217.25.199,1412
172.217.25.200,1412
172.217.25.201,1412
172.217.25.202,1412
172.217.25.203,1412
172.217.25.204,error
172.217.25.205,1412
172.217.25.206,1412
172.217.25.207,1412
172.217.25.208,1412
172.217.25.209,1412
172.217.25.210,1412
172.217.25.211,1412
172.217.25.212,1412
172.217.25.213,1412
172.217.25.214,1412
172.217.25.215,1412
172.217.25.216,1412
172.217.25.217,1412
172.217.25.218,error
172.217.25.219,1412
172.217.25.220,1412
172.217.25.221,error
172.217.25.222,error
172.217.25.223,1412
172.217.25.224,error
172.217.25.225,error
172.217.25.226,error
172.217.25.227,error
172.217.25.228,error
172.217.25.229,error
172.217.25.230,error
172.217.25.231,error
172.217.25.232,error
172.217.25.233,error
172.217.25.234,error
172.217.25.235,error
172.217.25.236,error
172.217.25.237,error
172.217.25.238,error
172.217.25.239,error
172.217.25.240,error
172.217.25.241,error
172.217.25.242,error
172.217.25.243,error
172.217.25.244,error
172.217.25.245,error
172.217.25.246,error
172.217.25.247,error
172.217.25.248,error
172.217.25.249,error
172.217.25.250,error
172.217.25.251,error
172.217.25.252,error
172.217.25.253,error
172.217.25.254,error
172.217.25.255,error
